"Ad name",Day,Reach,Impressions,Frequency,Currency,"Amount spent (INR)","Attribution setting",Leads,"Cost per lead","CPC (cost per link click)","CTR (link click-through rate)","CPM (cost per 1,000 impressions)","Reporting starts","Reporting ends"
,,156888,443614,2.82758401,INR,79138.59,,697,113.54173601,18.9553509,0.94113351,178.39515885,2026-06-01,2026-06-21
Sattvik_19June_Panchakarma_general,2026-06-21,4586,5520,1.20366332,INR,636.99,"7-day click or 1-day view",13,48.99923077,9.95296875,1.15942029,115.39673913,2026-06-21,2026-06-21
"Sigmaflux_Dentist_S2_18thJune_Leads ad",2026-06-21,280,412,1.47142857,INR,168.19,"7-day click or 1-day view",1,168.19,56.06333333,0.72815534,408.22815534,2026-06-21,2026-06-21
"Sigmaflux_Dermatologist_18thJune_Leads ad",2026-06-21,385,510,1.32467532,INR,212.62,"7-day click or 1-day view",,,42.524,0.98039216,416.90196078,2026-06-21,2026-06-21
"Sigmaflux_Dentist_18thJune_Leads ad",2026-06-21,1801,2809,1.55968906,INR,1287.19,"7-day click or 1-day view",3,429.06333333,47.6737037,0.96119616,458.23780705,2026-06-21,2026-06-21
"Sattvik_15_May_Deep Sleep",2026-06-21,303,350,1.15511551,INR,71.91,"7-day click or 1-day view",,,14.382,1.42857143,205.45714286,2026-06-21,2026-06-21
Sattvik_15_May_Panchakarma,2026-06-21,11401,14174,1.24322428,INR,1713.05,"7-day click or 1-day view",20,85.6525,13.48858268,0.89600677,120.85861436,2026-06-21,2026-06-21
"17th June_Hiring_Carousel_Leads ad",2026-06-20,893,1077,1.20604703,INR,85.13,"7-day click or 1-day view",13,6.54846154,2.93551724,2.69266481,79.04363974,2026-06-20,2026-06-20
Sattvik_15_May_Panchakarma,2026-06-20,9132,11088,1.21419185,INR,1426.01,"7-day click or 1-day view",19,75.05315789,12.50885965,1.02813853,128.60840548,2026-06-20,2026-06-20
"Sattvik_15_May_Deep Sleep",2026-06-20,119,130,1.09243697,INR,25.23,"7-day click or 1-day view",,,8.41,2.30769231,194.07692308,2026-06-20,2026-06-20
Sattvik_15_May_Stress,2026-06-20,498,541,1.08634538,INR,76.07,"7-day click or 1-day view",,,12.67833333,1.1090573,140.60998152,2026-06-20,2026-06-20
"Sigmaflux_Dentist_18thJune_Leads ad",2026-06-20,628,813,1.29458599,INR,431.77,"7-day click or 1-day view",,,86.354,0.61500615,531.08241082,2026-06-20,2026-06-20
"Sigmaflux_Dermatologist_18thJune_Leads ad",2026-06-20,189,234,1.23809524,INR,63.29,"7-day click or 1-day view",,,31.645,0.85470085,270.47008547,2026-06-20,2026-06-20
"Sigmaflux_Dentist_S2_18thJune_Leads ad",2026-06-20,65,80,1.23076923,INR,56.99,"7-day click or 1-day view",,,,,712.375,2026-06-20,2026-06-20
Sattvik_19June_Panchakarma_general,2026-06-20,3252,3600,1.10701107,INR,531.08,"7-day click or 1-day view",6,88.51333333,16.09333333,0.91666667,147.52222222,2026-06-20,2026-06-20
"Sigmaflux_Dentist_S2_18thJune_Leads ad",2026-06-19,378,575,1.52116402,INR,330.67,"7-day click or 1-day view",,,82.6675,0.69565217,575.07826087,2026-06-19,2026-06-19
"Sigmaflux_Dermatologist_18thJune_Leads ad",2026-06-19,337,426,1.26409496,INR,158.74,"7-day click or 1-day view",1,158.74,26.45666667,1.4084507,372.62910798,2026-06-19,2026-06-19
"Sigmaflux_Dentist_18thJune_Leads ad",2026-06-19,1432,2219,1.54958101,INR,758.91,"7-day click or 1-day view",2,379.455,68.99181818,0.49571879,342.00540784,2026-06-19,2026-06-19
"17th June_Hiring_Carousel_Leads ad",2026-06-19,1543,2390,1.54893065,INR,190.91,"7-day click or 1-day view",40,4.77275,2.35691358,3.38912134,79.87866109,2026-06-19,2026-06-19
Sattvik_15_May_Stress,2026-06-19,158,177,1.12025316,INR,30.92,"7-day click or 1-day view",,,10.30666667,1.69491525,174.68926554,2026-06-19,2026-06-19
"Sattvik_15_May_Deep Sleep",2026-06-19,16,16,1,INR,1.91,"7-day click or 1-day view",,,,,119.375,2026-06-19,2026-06-19
Sattvik_15_May_Panchakarma,2026-06-19,8388,9854,1.17477349,INR,1475.38,"7-day click or 1-day view",23,64.14695652,12.61008547,1.18733509,149.72396996,2026-06-19,2026-06-19
"17th June_Hiring_Carousel_Leads ad",2026-06-18,1456,2468,1.69505495,INR,187.63,"7-day click or 1-day view",35,5.36085714,2.88661538,2.63371151,76.02512156,2026-06-18,2026-06-18
Sattvik_15_May_Panchakarma,2026-06-18,9447,11697,1.23817085,INR,1563.26,"7-day click or 1-day view",21,74.44095238,16.28395833,0.82072326,133.64623408,2026-06-18,2026-06-18
"Sattvik_15_May_Deep Sleep",2026-06-18,212,229,1.08018868,INR,53.91,"7-day click or 1-day view",,,,,235.41484716,2026-06-18,2026-06-18
Sattvik_15_May_Stress,2026-06-18,2,2,1,INR,0.11,"7-day click or 1-day view",,,,,55,2026-06-18,2026-06-18
"Sigmaflux_Dentist_18thJune_Leads ad",2026-06-18,617,665,1.07779579,INR,171.78,"7-day click or 1-day view",1,171.78,17.178,1.5037594,258.31578947,2026-06-18,2026-06-18
"Sigmaflux_Dermatologist_18thJune_Leads ad",2026-06-18,275,338,1.22909091,INR,61.93,"7-day click or 1-day view",,,30.965,0.59171598,183.22485207,2026-06-18,2026-06-18
"Sigmaflux_Dentist_S2_18thJune_Leads ad",2026-06-18,481,628,1.30561331,INR,208.74,"7-day click or 1-day view",,,69.58,0.47770701,332.38853503,2026-06-18,2026-06-18
"17th June_Hiring_Carousel_Leads ad",2026-06-17,583,801,1.37392796,INR,79.17,"7-day click or 1-day view",15,5.278,2.8275,3.49563046,98.83895131,2026-06-17,2026-06-17
"Sigmaflux_Hiring_Sales_16thJune_Leads ad",2026-06-17,111,131,1.18018018,INR,11.47,"7-day click, 1-day view, or 1-day engaged-view",,,0.76466667,11.45038168,87.55725191,2026-06-17,2026-06-17
"Sigmaflux_Hiring_Graphic_16thJune_Leads ad",2026-06-17,132,178,1.34848485,INR,13.53,"7-day click, 1-day view, or 1-day engaged-view",,,0.845625,8.98876404,76.01123596,2026-06-17,2026-06-17
"Sigmaflux_Hiring_HR_16thJune_Leads ad",2026-06-17,21,23,1.0952381,INR,2.63,"7-day click, 1-day view, or 1-day engaged-view",,,0.6575,17.39130435,114.34782609,2026-06-17,2026-06-17
Sattvik_15_May_Stress,2026-06-17,143,155,1.08391608,INR,42.22,"7-day click or 1-day view",1,42.22,14.07333333,1.93548387,272.38709677,2026-06-17,2026-06-17
Sattvik_15_May_Panchakarma,2026-06-17,10536,12929,1.22712604,INR,1709.6,"7-day click or 1-day view",25,68.384,12.95151515,1.02096063,132.22987083,2026-06-17,2026-06-17
"Aspire_16thMay_LaunchOffer_Marathi_Static_Leads ad",2026-06-16,25,25,1,INR,1.47,"7-day click or 1-day view",,,,,58.8,2026-06-16,2026-06-16
Sattvik_15_May_Panchakarma,2026-06-16,11088,13415,1.20986652,INR,1813.03,"7-day click or 1-day view",32,56.6571875,15.10858333,0.89452106,135.14945956,2026-06-16,2026-06-16
"Sattvik_15_May_Deep Sleep",2026-06-16,398,427,1.07286432,INR,79.24,"7-day click or 1-day view",,,79.24,0.23419204,185.57377049,2026-06-16,2026-06-16
"Aspire_16thMay_NearHospital_Static_Leads ad",2026-06-16,5,5,1,INR,1.39,"7-day click or 1-day view",,,,,278,2026-06-16,2026-06-16
"Aspire_16thMay_Connectivity_Static_Leads ad",2026-06-16,1,1,1,INR,0.05,"7-day click or 1-day view",,,,,50,2026-06-16,2026-06-16
"Aspire_16thMay_Connectivity_Static_Leads ad",2026-06-16,6,6,1,INR,0.66,"7-day click or 1-day view",,,,,110,2026-06-16,2026-06-16
"Aspire_16thMay_LaunchOffer_Static_Leads ad",2026-06-16,3,5,1.66666667,INR,7.19,"7-day click or 1-day view",,,,,1438,2026-06-16,2026-06-16
"Aspire_16thMay_NearHospital_Static_Leads ad",2026-06-16,3,3,1,INR,0.3,"7-day click or 1-day view",,,,,100,2026-06-16,2026-06-16
"Sigmaflux_Hiring_HR_16thJune_Leads ad",2026-06-16,309,347,1.12297735,INR,21.94,"7-day click, 1-day view, or 1-day engaged-view",,,1.37125,4.61095101,63.22766571,2026-06-16,2026-06-16
"Sigmaflux_Hiring_Graphic_16thJune_Leads ad",2026-06-16,401,507,1.26433915,INR,24.04,"7-day click, 1-day view, or 1-day engaged-view",,,0.77548387,6.11439842,47.41617357,2026-06-16,2026-06-16
"Sigmaflux_Hiring_Sales_16thJune_Leads ad",2026-06-16,180,188,1.04444444,INR,8.6,"7-day click, 1-day view, or 1-day engaged-view",,,0.71666667,6.38297872,45.74468085,2026-06-16,2026-06-16
Sattvik_15_May_Stress,2026-06-15,234,257,1.0982906,INR,33.33,"7-day click or 1-day view",,,16.665,0.77821012,129.68871595,2026-06-15,2026-06-15
Sattvik_15_May_Panchakarma,2026-06-15,8311,9663,1.16267597,INR,1040.21,"7-day click or 1-day view",11,94.56454545,15.07550725,0.71406396,107.64876332,2026-06-15,2026-06-15
"Aspire_16thMay_Connectivity_MarathiStatic_Leads ad",2026-06-14,78,93,1.19230769,INR,13.68,"7-day click or 1-day view",,,,,147.09677419,2026-06-14,2026-06-14
Sattvik_15_May_Panchakarma,2026-06-14,5930,6953,1.17251265,INR,1099.22,"7-day click or 1-day view",19,57.85368421,13.40512195,1.17934704,158.09290954,2026-06-14,2026-06-14
Sattvik_15_May_Stress,2026-06-14,255,275,1.07843137,INR,30.35,"7-day click or 1-day view",,,7.5875,1.45454545,110.36363636,2026-06-14,2026-06-14
"Aspire_16thMay_LaunchOffer_Static_Leads ad",2026-06-14,23,25,1.08695652,INR,8.39,"7-day click or 1-day view",,,,,335.6,2026-06-14,2026-06-14
"Aspire_16thMay_NearHospital_Static_Leads ad",2026-06-14,122,159,1.30327869,INR,31.27,"7-day click or 1-day view",,,31.27,0.62893082,196.66666667,2026-06-14,2026-06-14
"Aspire_16thMay_Connectivity_Static_Leads ad",2026-06-14,41,46,1.12195122,INR,9.41,"7-day click or 1-day view",,,,,204.56521739,2026-06-14,2026-06-14
26_May_Aspire_Lead_Escape,2026-06-14,215,251,1.16744186,INR,161.69,"7-day click or 1-day view",1,161.69,80.845,0.79681275,644.18326693,2026-06-14,2026-06-14
"Aspire_16thMay_LaunchOffer_Marathi_Static_Leads ad",2026-06-14,4254,5475,1.28702398,INR,983.11,"7-day click or 1-day view",3,327.70333333,24.57775,0.73059361,179.56347032,2026-06-14,2026-06-14
Aspire_30May_New_NRI_Dinner,2026-06-14,826,1204,1.45762712,INR,432.24,"7-day click or 1-day view",,,86.448,0.41528239,359.00332226,2026-06-14,2026-06-14
"3. 26_May_Aspire_Lead_Escape",2026-06-14,639,795,1.24413146,INR,311.91,"7-day click or 1-day view",,,34.65666667,1.13207547,392.33962264,2026-06-14,2026-06-14
"Aspire_6thJune_Video_Leads ad",2026-06-14,2001,2239,1.11894053,INR,578.36,"7-day click or 1-day view",1,578.36,22.24461538,1.16123269,258.31174632,2026-06-14,2026-06-14
"Aspire_16thMay_LaunchOffer_Static_Leads ad",2026-06-14,28,29,1.03571429,INR,3.85,"7-day click or 1-day view",,,,,132.75862069,2026-06-14,2026-06-14
"Aspire_16thMay_Connectivity_Static_Leads ad",2026-06-14,12,14,1.16666667,INR,1.24,"7-day click or 1-day view",,,,,88.57142857,2026-06-14,2026-06-14
"Aspire_16thMay_Connectivity_MarathiStatic_Leads ad",2026-06-13,8,8,1,INR,0.77,"7-day click or 1-day view",,,,,96.25,2026-06-13,2026-06-13
Sattvik_15_May_Panchakarma,2026-06-13,7144,8561,1.19834826,INR,1372.34,"7-day click or 1-day view",23,59.66695652,15.41955056,1.03959818,160.30136666,2026-06-13,2026-06-13
"Sattvik_15_May_Deep Sleep",2026-06-13,80,90,1.125,INR,17.7,"7-day click or 1-day view",,,17.7,1.11111111,196.66666667,2026-06-13,2026-06-13
Sattvik_15_May_Stress,2026-06-13,20,20,1,INR,2.04,"7-day click or 1-day view",,,,,102,2026-06-13,2026-06-13
"Aspire_16thMay_LaunchOffer_Static_Leads ad",2026-06-13,48,55,1.14583333,INR,15.58,"7-day click or 1-day view",,,,,283.27272727,2026-06-13,2026-06-13
26_May_Aspire_Lead_Escape,2026-06-13,143,157,1.0979021,INR,69.31,"7-day click or 1-day view",,,34.655,1.27388535,441.46496815,2026-06-13,2026-06-13
"Aspire_16thMay_LaunchOffer_Marathi_Static_Leads ad",2026-06-13,4269,5753,1.34762239,INR,931.88,"7-day click or 1-day view",4,232.97,28.23878788,0.57361377,161.98157483,2026-06-13,2026-06-13
Aspire_30May_New_NRI_Dinner,2026-06-13,403,500,1.24069479,INR,194.23,"7-day click or 1-day view",,,38.846,1,388.46,2026-06-13,2026-06-13
"3. 26_May_Aspire_Lead_Escape",2026-06-13,418,547,1.30861244,INR,228.47,"7-day click or 1-day view",1,228.47,76.15666667,0.54844607,417.67824497,2026-06-13,2026-06-13
"Aspire_6thJune_Video_Leads ad",2026-06-13,3346,3765,1.12522415,INR,891.18,"7-day click or 1-day view",1,891.18,21.73609756,1.08897742,236.70119522,2026-06-13,2026-06-13
"Aspire_16thMay_LaunchOffer_Static_Leads ad",2026-06-13,503,715,1.42147117,INR,192.65,"7-day click or 1-day view",,,64.21666667,0.41958042,269.44055944,2026-06-13,2026-06-13
26_May_Aspire_Lead_Escape,2026-06-12,174,198,1.13793103,INR,153.88,"7-day click or 1-day view",,,153.88,0.50505051,777.17171717,2026-06-12,2026-06-12
Sattvik_15_May_Panchakarma,2026-06-12,8143,9885,1.21392607,INR,1368.32,"7-day click or 1-day view",16,85.52,13.54772277,1.02175013,138.42387456,2026-06-12,2026-06-12
Sattvik_15_May_Stress,2026-06-12,438,480,1.09589041,INR,86.01,"7-day click or 1-day view",1,86.01,21.5025,0.83333333,179.1875,2026-06-12,2026-06-12
"Aspire_16thMay_LaunchOffer_Static_Leads ad",2026-06-12,7,8,1.14285714,INR,0.62,"7-day click or 1-day view",,,,,77.5,2026-06-12,2026-06-12
"Aspire_16thMay_NearHospital_Static_Leads ad",2026-06-12,39,43,1.1025641,INR,3.85,"7-day click or 1-day view",,,,,89.53488372,2026-06-12,2026-06-12
"Aspire_16thMay_LaunchOffer_Marathi_Static_Leads ad",2026-06-12,4287,5844,1.36319104,INR,924.33,"7-day click or 1-day view",3,308.11,25.67583333,0.61601643,158.16735113,2026-06-12,2026-06-12
"Aspire_16thMay_Connectivity_Static_Leads ad",2026-06-12,63,83,1.31746032,INR,12.85,"7-day click or 1-day view",,,,,154.81927711,2026-06-12,2026-06-12
Aspire_30May_New_NRI_Dinner,2026-06-12,810,1068,1.31851852,INR,413.4,"7-day click or 1-day view",1,413.4,41.34,0.93632959,387.07865169,2026-06-12,2026-06-12
"Aspire_6thJune_Video_Leads ad",2026-06-12,2418,2842,1.17535153,INR,702.43,"7-day click or 1-day view",,,13.00796296,1.90007037,247.16045039,2026-06-12,2026-06-12
"Aspire_16thMay_LaunchOffer_Static_Leads ad",2026-06-12,259,329,1.27027027,INR,100.68,"7-day click or 1-day view",1,100.68,25.17,1.21580547,306.01823708,2026-06-12,2026-06-12
"Aspire_16thMay_Connectivity_Static_Leads ad",2026-06-12,25,29,1.16,INR,4.24,"7-day click or 1-day view",,,,,146.20689655,2026-06-12,2026-06-12
"Aspire_16thMay_NearHospital_Static_Leads ad",2026-06-12,14,14,1,INR,1.17,"7-day click or 1-day view",,,,,83.57142857,2026-06-12,2026-06-12
"3. 26_May_Aspire_Lead_Escape",2026-06-12,446,527,1.18161435,INR,277.81,"7-day click or 1-day view",3,92.60333333,46.30166667,1.13851992,527.15370019,2026-06-12,2026-06-12
26_May_Aspire_Lead_Escape,2026-06-11,250,293,1.172,INR,188.57,"7-day click or 1-day view",,,62.85666667,1.02389078,643.58361775,2026-06-11,2026-06-11
Sattvik_15_May_Panchakarma,2026-06-11,9632,11088,1.15116279,INR,1535.79,"7-day click or 1-day view",25,61.4316,14.48858491,0.95598846,138.50919913,2026-06-11,2026-06-11
"Sattvik_15_May_Deep Sleep",2026-06-11,322,351,1.09006211,INR,48.29,"7-day click or 1-day view",,,24.145,0.56980057,137.57834758,2026-06-11,2026-06-11
"Aspire_16thMay_LaunchOffer_Marathi_Static_Leads ad",2026-06-11,4557,5759,1.26377002,INR,941.39,"7-day click or 1-day view",,,20.465,0.79874978,163.46414308,2026-06-11,2026-06-11
"Aspire_16thMay_LaunchOffer_Static_Leads ad",2026-06-11,55,64,1.16363636,INR,19.04,"7-day click or 1-day view",,,19.04,1.5625,297.5,2026-06-11,2026-06-11
Aspire_30May_New_NRI_Dinner,2026-06-11,1018,1397,1.37229862,INR,579.05,"7-day click or 1-day view",1,579.05,41.36071429,1.00214746,414.49534717,2026-06-11,2026-06-11
"Aspire_6thJune_Video_Leads ad",2026-06-11,2747,3079,1.12085912,INR,782.69,"7-day click or 1-day view",1,782.69,21.74138889,1.16921078,254.2026632,2026-06-11,2026-06-11
"Aspire_16thMay_LaunchOffer_Static_Leads ad",2026-06-11,567,736,1.29805996,INR,180.9,"7-day click or 1-day view",,,25.84285714,0.95108696,245.78804348,2026-06-11,2026-06-11
"Aspire_16thMay_NearHospital_Static_Leads ad",2026-06-11,125,161,1.288,INR,29.45,"7-day click or 1-day view",,,29.45,0.62111801,182.91925466,2026-06-11,2026-06-11
"3. 26_May_Aspire_Lead_Escape",2026-06-11,470,582,1.23829787,INR,258.27,"7-day click or 1-day view",,,51.654,0.85910653,443.7628866,2026-06-11,2026-06-11
Aspire_30May_New_NRI_Dinner,2026-06-10,1227,1742,1.4197229,INR,508.12,"7-day click or 1-day view",1,508.12,36.29428571,0.80367394,291.68771527,2026-06-10,2026-06-10
"Aspire_16thMay_Connectivity_MarathiStatic_Leads ad",2026-06-10,12,13,1.08333333,INR,1.69,"7-day click or 1-day view",,,,,130,2026-06-10,2026-06-10
"Aspire_16thMay_LaunchOffer_Marathi_Static_Leads ad",2026-06-10,6329,9043,1.42881972,INR,1263.55,"7-day click or 1-day view",4,315.8875,20.37983871,0.68561318,139.72686056,2026-06-10,2026-06-10
"Aspire_16thMay_NearHospital_MarathiStatic_Leads ad",2026-06-10,83,101,1.21686747,INR,22.46,"7-day click or 1-day view",,,,,222.37623762,2026-06-10,2026-06-10
26_May_Aspire_Lead_Escape,2026-06-10,196,217,1.10714286,INR,197.66,"7-day click or 1-day view",1,197.66,98.83,0.92165899,910.87557604,2026-06-10,2026-06-10
"Aspire_16thMay_LaunchOffer_Static_Leads ad",2026-06-10,51,66,1.29411765,INR,29.75,"7-day click or 1-day view",,,29.75,1.51515152,450.75757576,2026-06-10,2026-06-10
"3. 26_May_Aspire_Lead_Escape",2026-06-10,669,804,1.20179372,INR,407.58,"7-day click or 1-day view",1,407.58,45.28666667,1.11940299,506.94029851,2026-06-10,2026-06-10
"Aspire_6thJune_Video_Leads ad",2026-06-10,3882,4631,1.19294178,INR,756.02,"7-day click or 1-day view",3,252.00666667,16.08553191,1.01489959,163.25199741,2026-06-10,2026-06-10
"Aspire_16thMay_Connectivity_Static_Leads ad",2026-06-10,21,22,1.04761905,INR,4.83,"7-day click or 1-day view",,,,,219.54545455,2026-06-10,2026-06-10
"Aspire_16thMay_NearHospital_Static_Leads ad",2026-06-10,97,137,1.41237113,INR,19.01,"7-day click or 1-day view",,,,,138.75912409,2026-06-10,2026-06-10
Sattvik_15_May_Stress,2026-06-10,127,144,1.13385827,INR,24.44,"7-day click or 1-day view",,,12.22,1.38888889,169.72222222,2026-06-10,2026-06-10
"Aspire_16thMay_NearHospital_Static_Leads ad",2026-06-10,54,58,1.07407407,INR,7.87,"7-day click or 1-day view",,,,,135.68965517,2026-06-10,2026-06-10
Sattvik_15_May_Panchakarma,2026-06-10,10467,11916,1.13843508,INR,1601.23,"7-day click or 1-day view",31,51.65258065,13.12483607,1.0238335,134.37646861,2026-06-10,2026-06-10
"Aspire_16thMay_Connectivity_Static_Leads ad",2026-06-09,13,16,1.23076923,INR,3.54,"7-day click or 1-day view",,,,,221.25,2026-06-09,2026-06-09
"Aspire_16thMay_LaunchOffer_Marathi_Static_Leads ad",2026-06-09,6473,9322,1.44013595,INR,1205.5,"7-day click or 1-day view",1,1205.5,14.70121951,0.87963956,129.31774297,2026-06-09,2026-06-09
Sattvik_15_May_Panchakarma,2026-06-09,7498,8767,1.16924513,INR,1097.51,"7-day click or 1-day view",15,73.16733333,15.03438356,0.83266796,125.18649481,2026-06-09,2026-06-09
Sattvik_15_May_Stress,2026-06-09,179,198,1.10614525,INR,26.2,"7-day click or 1-day view",2,13.1,3.275,4.04040404,132.32323232,2026-06-09,2026-06-09
"Aspire_16thMay_LaunchOffer_Static_Leads ad",2026-06-09,96,115,1.19791667,INR,25.37,"7-day click or 1-day view",,,8.45666667,2.60869565,220.60869565,2026-06-09,2026-06-09
"Aspire_16thMay_NearHospital_Static_Leads ad",2026-06-09,26,26,1,INR,6.12,"7-day click or 1-day view",,,,,235.38461538,2026-06-09,2026-06-09
"Aspire_16thMay_Connectivity_MarathiStatic_Leads ad",2026-06-09,146,176,1.20547945,INR,29.16,"7-day click or 1-day view",,,,,165.68181818,2026-06-09,2026-06-09
"Aspire_16thMay_NearHospital_MarathiStatic_Leads ad",2026-06-09,138,143,1.03623188,INR,20.77,"7-day click or 1-day view",,,20.77,0.6993007,145.24475524,2026-06-09,2026-06-09
26_May_Aspire_Lead_Escape,2026-06-09,210,237,1.12857143,INR,174.42,"7-day click or 1-day view",,,58.14,1.26582278,735.94936709,2026-06-09,2026-06-09
Aspire_30May_New_NRI_Dinner,2026-06-09,485,591,1.2185567,INR,246.85,"7-day click or 1-day view",,,49.37,0.84602369,417.68189509,2026-06-09,2026-06-09
"3. 26_May_Aspire_Lead_Escape",2026-06-09,346,400,1.15606936,INR,269.62,"7-day click or 1-day view",2,134.81,44.93666667,1.5,674.05,2026-06-09,2026-06-09
"Aspire_6thJune_Video_Leads ad",2026-06-09,2784,3477,1.24892241,INR,560.79,"7-day click or 1-day view",1,560.79,17.5246875,0.92033362,161.28559103,2026-06-09,2026-06-09
"Aspire_16thMay_LaunchOffer_Static_Leads ad",2026-06-09,64,71,1.109375,INR,25.78,"7-day click or 1-day view",,,25.78,1.4084507,363.09859155,2026-06-09,2026-06-09
"Aspire_16thMay_Connectivity_Static_Leads ad",2026-06-09,76,86,1.13157895,INR,19.83,"7-day click or 1-day view",,,,,230.58139535,2026-06-09,2026-06-09
"Aspire_16thMay_NearHospital_Static_Leads ad",2026-06-09,310,354,1.14193548,INR,108.94,"7-day click or 1-day view",,,36.31333333,0.84745763,307.74011299,2026-06-09,2026-06-09
"Aspire_16thMay_LaunchOffer_Static_Leads ad",2026-06-08,50,53,1.06,INR,9.96,"7-day click or 1-day view",,,9.96,1.88679245,187.9245283,2026-06-08,2026-06-08
"Aspire_16thMay_Connectivity_Static_Leads ad",2026-06-08,4,4,1,INR,7.49,"7-day click or 1-day view",,,,,1872.5,2026-06-08,2026-06-08
"Aspire_16thMay_NearHospital_Static_Leads ad",2026-06-08,551,652,1.18330309,INR,140.9,"7-day click or 1-day view",,,140.9,0.15337423,216.10429448,2026-06-08,2026-06-08
Sattvik_15_May_Stress,2026-06-08,223,233,1.04484305,INR,39.71,"7-day click or 1-day view",,,13.23666667,1.28755365,170.42918455,2026-06-08,2026-06-08
"Sattvik_15_May_Deep Sleep",2026-06-08,77,87,1.12987013,INR,28.93,"7-day click or 1-day view",,,14.465,2.29885057,332.52873563,2026-06-08,2026-06-08
Sattvik_15_May_Panchakarma,2026-06-08,9778,12051,1.23246063,INR,1517.97,"7-day click or 1-day view",23,65.99869565,12.04738095,1.04555639,125.96216082,2026-06-08,2026-06-08
"Aspire_16thMay_LaunchOffer_Marathi_Static_Leads ad",2026-06-08,2552,3401,1.33268025,INR,536.19,"7-day click or 1-day view",4,134.0475,19.14964286,0.82328727,157.6565716,2026-06-08,2026-06-08
"Aspire_16thMay_Connectivity_MarathiStatic_Leads ad",2026-06-08,65,68,1.04615385,INR,7.92,"7-day click or 1-day view",,,,,116.47058824,2026-06-08,2026-06-08
26_May_Aspire_Lead_Escape,2026-06-08,357,416,1.16526611,INR,323.33,"7-day click or 1-day view",,,161.665,0.48076923,777.23557692,2026-06-08,2026-06-08
"Aspire_16thMay_NearHospital_MarathiStatic_Leads ad",2026-06-08,2640,3371,1.27689394,INR,774.32,"7-day click or 1-day view",,,45.54823529,0.50430139,229.70038564,2026-06-08,2026-06-08
Aspire_30May_New_NRI_Dinner,2026-06-08,1034,1354,1.30947776,INR,345.32,"7-day click or 1-day view",,,24.66571429,1.03397341,255.03692762,2026-06-08,2026-06-08
"30thMay_Manufacturer_LP_Leads ad",2026-06-08,254,289,1.13779528,INR,222.81,"7-day click, 1-day view, or 1-day engaged-view",,,44.562,1.73010381,770.96885813,2026-06-08,2026-06-08
"3. 26_May_Aspire_Lead_Escape",2026-06-08,406,499,1.22906404,INR,271.27,"7-day click or 1-day view",1,271.27,45.21166667,1.20240481,543.62725451,2026-06-08,2026-06-08
"Aspire_6thJune_Video_Leads ad",2026-06-08,2356,3080,1.30730051,INR,588.59,"7-day click or 1-day view",1,588.59,17.83606061,1.07142857,191.10064935,2026-06-08,2026-06-08
"Aspire_16thMay_LaunchOffer_Static_Leads ad",2026-06-08,17,19,1.11764706,INR,4.06,"7-day click or 1-day view",,,4.06,5.26315789,213.68421053,2026-06-08,2026-06-08
"Aspire_16thMay_NearHospital_Static_Leads ad",2026-06-08,21,21,1,INR,17.55,"7-day click or 1-day view",,,,,835.71428571,2026-06-08,2026-06-08
"Aspire_16thMay_NearHospital_MarathiStatic_Leads ad",2026-06-07,4045,5576,1.37849197,INR,1155.29,"7-day click or 1-day view",1,1155.29,57.7645,0.35868006,207.18974175,2026-06-07,2026-06-07
Sattvik_15_May_Panchakarma,2026-06-07,9670,12382,1.28045502,INR,1693.29,"7-day click or 1-day view",30,56.443,13.65556452,1.00145372,136.75415926,2026-06-07,2026-06-07
"Sattvik_15_May_Deep Sleep",2026-06-07,3,3,1,INR,1.17,"7-day click or 1-day view",,,,,390,2026-06-07,2026-06-07
Sattvik_15_May_Stress,2026-06-07,84,91,1.08333333,INR,21.22,"7-day click or 1-day view",3,7.07333333,7.07333333,3.2967033,233.18681319,2026-06-07,2026-06-07
"30thMay_Manufacturer_LP_Leads ad",2026-06-07,915,1154,1.26120219,INR,575.76,"7-day click, 1-day view, or 1-day engaged-view",,,57.576,0.86655113,498.9254766,2026-06-07,2026-06-07
26_May_Aspire_Lead_Escape,2026-06-07,857,1084,1.26487748,INR,299.3,"7-day click or 1-day view",,,59.86,0.46125461,276.10701107,2026-06-07,2026-06-07
Aspire_30May_New_NRI_Dinner,2026-06-07,998,1392,1.39478958,INR,507.31,"7-day click or 1-day view",1,507.31,31.706875,1.14942529,364.44683908,2026-06-07,2026-06-07
"3. 26_May_Aspire_Lead_Escape",2026-06-07,674,824,1.22255193,INR,380.36,"7-day click or 1-day view",2,190.18,34.57818182,1.33495146,461.60194175,2026-06-07,2026-06-07
"Aspire_6thJune_Video_Leads ad",2026-06-07,2310,3352,1.45108225,INR,687.99,"7-day click or 1-day view",1,687.99,31.27227273,0.65632458,205.24761337,2026-06-07,2026-06-07
26_May_Aspire_Lead_Escape,2026-06-06,324,359,1.10802469,INR,165.92,"7-day click or 1-day view",,,,,462.17270195,2026-06-06,2026-06-06
Sattvik_15_May_Panchakarma,2026-06-06,8040,9145,1.13743781,INR,1048.2,"7-day click or 1-day view",16,65.5125,13.1025,0.87479497,114.62001093,2026-06-06,2026-06-06
"Sattvik_15_May_Deep Sleep",2026-06-06,2226,2512,1.12848158,INR,330.17,"7-day click or 1-day view",4,82.5425,16.5085,0.79617834,131.43710191,2026-06-06,2026-06-06
"Aspire_16thMay_NearHospital_MarathiStatic_Leads ad",2026-06-06,3541,4831,1.36430387,INR,726.74,"7-day click or 1-day view",1,726.74,42.74941176,0.35189402,150.43262265,2026-06-06,2026-06-06
"Sigmaflux_Manufacturer_22ndMay_NoTradingPortal_Leads ad",2026-06-06,974,1092,1.1211499,INR,238.9,"7-day click or 1-day view",1,238.9,39.81666667,0.54945055,218.77289377,2026-06-06,2026-06-06
Sattvik_15_May_Stress,2026-06-06,27,30,1.11111111,INR,2.92,"7-day click or 1-day view",,,,,97.33333333,2026-06-06,2026-06-06
"Sigmaflux_27thMay_Video_Manufacturer_Leads ad",2026-06-06,327,353,1.0795107,INR,197.46,"7-day click or 1-day view",1,197.46,65.82,0.84985836,559.37677054,2026-06-06,2026-06-06
Aspire_30May_New_NRI_Dinner,2026-06-06,723,913,1.26279391,INR,252.61,"7-day click or 1-day view",1,252.61,16.84066667,1.64293538,276.68127054,2026-06-06,2026-06-06
"30thMay_Manufacturer_LP_Leads ad",2026-06-06,480,534,1.1125,INR,233.87,"7-day click, 1-day view, or 1-day engaged-view",,,29.23375,1.49812734,437.9588015,2026-06-06,2026-06-06
"3. 26_May_Aspire_Lead_Escape",2026-06-06,288,329,1.14236111,INR,159.52,"7-day click or 1-day view",1,159.52,22.78857143,2.12765957,484.86322188,2026-06-06,2026-06-06
"Aspire_6thJune_Video_Leads ad",2026-06-06,770,912,1.18441558,INR,213.14,"7-day click or 1-day view",2,106.57,26.6425,0.87719298,233.70614035,2026-06-06,2026-06-06
Sattvik_15_May_Panchakarma,2026-06-05,10086,12138,1.20345033,INR,1290.64,"7-day click or 1-day view",19,67.92842105,12.65333333,0.84033613,106.33053221,2026-06-05,2026-06-05
"Aspire_16thMay_NearHospital_MarathiStatic_Leads ad",2026-06-05,2622,3615,1.37871854,INR,888.74,"7-day click or 1-day view",1,888.74,63.48142857,0.38727524,245.84785615,2026-06-05,2026-06-05
26_May_Aspire_Lead_Escape,2026-06-05,302,368,1.21854305,INR,231.09,"7-day click or 1-day view",,,115.545,0.54347826,627.96195652,2026-06-05,2026-06-05
"Sigmaflux_Manufacturer_22ndMay_NoTradingPortal_Leads ad",2026-06-05,1147,1383,1.20575414,INR,431.93,"7-day click or 1-day view",1,431.93,39.26636364,0.79537238,312.31381056,2026-06-05,2026-06-05
"30thMay_Manufacturer_LP_Leads ad",2026-06-05,2105,2484,1.18004751,INR,612.26,"7-day click, 1-day view, or 1-day engaged-view",,,36.01529412,0.68438003,246.48148148,2026-06-05,2026-06-05
"Sigmaflux_27thMay_Video_Manufacturer_Leads ad",2026-06-05,417,449,1.07673861,INR,248.22,"7-day click or 1-day view",,,49.644,1.11358575,552.8285078,2026-06-05,2026-06-05
Aspire_30May_New_NRI_Dinner,2026-06-05,819,1093,1.33455433,INR,309.21,"7-day click or 1-day view",,,44.17285714,0.64043916,282.90027447,2026-06-05,2026-06-05
"3. 26_May_Aspire_Lead_Escape",2026-06-05,368,435,1.18206522,INR,266.11,"7-day click or 1-day view",,,38.01571429,1.6091954,611.74712644,2026-06-05,2026-06-05
"Sattvik_5thMay_2026_Anxiety_Static_Leads ad",2026-06-04,912,1041,1.14144737,INR,213.41,"7-day click or 1-day view",5,42.682,15.24357143,1.34486071,205.00480307,2026-06-04,2026-06-04
Sattvik_15_May_Panchakarma,2026-06-04,11809,14783,1.25184182,INR,1501.87,"7-day click or 1-day view",22,68.26681818,10.14777027,1.00114997,101.59439897,2026-06-04,2026-06-04
"Sattvik_15_May_Deep Sleep",2026-06-04,71,76,1.07042254,INR,8.93,"7-day click or 1-day view",1,8.93,8.93,1.31578947,117.5,2026-06-04,2026-06-04
Sattvik_15_May_Stress,2026-06-04,37,42,1.13513514,INR,7.51,"7-day click or 1-day view",,,3.755,4.76190476,178.80952381,2026-06-04,2026-06-04
"Aspire_16thMay_NearHospital_MarathiStatic_Leads ad",2026-06-04,4034,5571,1.3810114,INR,970.63,"7-day click or 1-day view",,,26.96194444,0.64620355,174.22904326,2026-06-04,2026-06-04
"Sigmaflux_Manufacturer_22ndMay_NoTradingPortal_Leads ad",2026-06-04,1634,1995,1.22093023,INR,801.75,"7-day click or 1-day view",2,400.875,40.0875,1.00250627,401.87969925,2026-06-04,2026-06-04
26_May_Aspire_Lead_Escape,2026-06-04,309,375,1.21359223,INR,191.63,"7-day click or 1-day view",,,95.815,0.53333333,511.01333333,2026-06-04,2026-06-04
"Sigmaflux_27thMay_Video_Manufacturer_Leads ad",2026-06-04,86,87,1.01162791,INR,46.51,"7-day click or 1-day view",,,46.51,1.14942529,534.59770115,2026-06-04,2026-06-04
Aspire_30May_New_NRI_Dinner,2026-06-04,1034,1409,1.36266925,INR,401.4,"7-day click or 1-day view",,,44.6,0.63875089,284.88289567,2026-06-04,2026-06-04
"30thMay_Manufacturer_LP_Leads ad",2026-06-04,2102,2471,1.1755471,INR,707.08,"7-day click, 1-day view, or 1-day engaged-view",,,41.59294118,0.68798057,286.15135573,2026-06-04,2026-06-04
"3. 26_May_Aspire_Lead_Escape",2026-06-04,444,525,1.18243243,INR,275.29,"7-day click or 1-day view",,,68.8225,0.76190476,524.36190476,2026-06-04,2026-06-04
"Sattvik_5thMay_2026_Anxiety_Static_Leads ad",2026-06-03,2756,3311,1.20137881,INR,493.97,"7-day click or 1-day view",1,493.97,19.7588,0.75505889,149.19057686,2026-06-03,2026-06-03
Sattvik_15_May_Panchakarma,2026-06-03,11384,14463,1.27046732,INR,1621.99,"7-day click or 1-day view",31,52.32225806,11.18613793,1.00255825,112.14754892,2026-06-03,2026-06-03
"Sattvik_15_May_Deep Sleep",2026-06-03,3,3,1,INR,0.41,"7-day click or 1-day view",,,,,136.66666667,2026-06-03,2026-06-03
Sattvik_15_May_Stress,2026-06-03,39,42,1.07692308,INR,8.07,"7-day click or 1-day view",,,,,192.14285714,2026-06-03,2026-06-03
"Aspire_16thMay_NearHospital_MarathiStatic_Leads ad",2026-06-03,3729,5219,1.39957093,INR,1083.51,"7-day click or 1-day view",3,361.17,32.83363636,0.63230504,207.60873731,2026-06-03,2026-06-03
"Sigmaflux_Manufacturer_22ndMay_NoTradingPortal_Leads ad",2026-06-03,503,594,1.18091451,INR,303.28,"7-day click or 1-day view",2,151.64,37.91,1.34680135,510.57239057,2026-06-03,2026-06-03
26_May_Aspire_Lead_Escape,2026-06-03,778,931,1.1966581,INR,292.9,"7-day click or 1-day view",,,58.58,0.53705693,314.60794844,2026-06-03,2026-06-03
"Sigmaflux_27thMay_Video_Manufacturer_Leads ad",2026-06-03,837,956,1.14217443,INR,443.84,"7-day click or 1-day view",2,221.92,40.34909091,1.15062762,464.26778243,2026-06-03,2026-06-03
Aspire_30May_New_NRI_Dinner,2026-06-03,975,1292,1.32512821,INR,443.24,"7-day click or 1-day view",3,147.74666667,40.29454545,0.85139319,343.06501548,2026-06-03,2026-06-03
"30thMay_Manufacturer_LP_Leads ad",2026-06-03,687,873,1.27074236,INR,409.36,"7-day click, 1-day view, or 1-day engaged-view",,,58.48,0.80183276,468.9117984,2026-06-03,2026-06-03
"1. 26_May_Aspire_Lead_Kokan_Meet",2026-06-03,4,4,1,INR,0.35,"7-day click or 1-day view",,,0.35,25,87.5,2026-06-03,2026-06-03
"3. 26_May_Aspire_Lead_Escape",2026-06-03,675,777,1.15111111,INR,219.69,"7-day click or 1-day view",,,73.23,0.38610039,282.74131274,2026-06-03,2026-06-03
"Sattvik_5thMay_2026_Anxiety_Static_Leads ad",2026-06-02,2409,2837,1.17766708,INR,458.2,"7-day click or 1-day view",4,114.55,25.45555556,0.63447303,161.50863588,2026-06-02,2026-06-02
Sattvik_15_May_Panchakarma,2026-06-02,7931,9848,1.24170975,INR,1080.61,"7-day click or 1-day view",23,46.98304348,12.14168539,0.9037368,109.72887896,2026-06-02,2026-06-02
"Sattvik_15_May_Deep Sleep",2026-06-02,95,103,1.08421053,INR,13.31,"7-day click or 1-day view",,,,,129.22330097,2026-06-02,2026-06-02
"Aspire_16thMay_NearHospital_MarathiStatic_Leads ad",2026-06-02,4433,6126,1.38190841,INR,1237.63,"7-day click or 1-day view",2,618.815,35.36085714,0.57133529,202.02905648,2026-06-02,2026-06-02
"Sigmaflux_Manufacturer_22ndMay_NoTradingPortal_Leads ad",2026-06-02,1444,1957,1.35526316,INR,596.11,"7-day click or 1-day view",1,596.11,35.06529412,0.86867655,304.60398569,2026-06-02,2026-06-02
Aspire_30May_New_NRI_Dinner,2026-06-02,843,1141,1.35349941,INR,439.89,"7-day click or 1-day view",1,439.89,109.9725,0.35056968,385.53023663,2026-06-02,2026-06-02
26_May_Aspire_Lead_Escape,2026-06-02,585,707,1.20854701,INR,283.48,"7-day click or 1-day view",1,283.48,47.24666667,0.84865629,400.96181047,2026-06-02,2026-06-02
"30thMay_Manufacturer_LP_Leads ad",2026-06-02,617,759,1.23014587,INR,394.25,"7-day click, 1-day view, or 1-day engaged-view",,,43.80555556,1.18577075,519.43346509,2026-06-02,2026-06-02
"3. 26_May_Aspire_Lead_Escape",2026-06-02,974,1233,1.26591376,INR,304.74,"7-day click or 1-day view",1,304.74,38.0925,0.64882401,247.15328467,2026-06-02,2026-06-02
"2. 26_May_Aspire_Lead_Pure_Morning",2026-06-02,2,3,1.5,INR,0.22,"7-day click or 1-day view",,,,,73.33333333,2026-06-02,2026-06-02
"Aspire_30May_New_NRI _Meet",2026-06-02,4,5,1.25,INR,0.59,"7-day click or 1-day view",,,,,118,2026-06-02,2026-06-02
26_May_Aspire_Lead_Escape,2026-06-01,504,622,1.23412698,INR,272.13,"7-day click or 1-day view",2,136.065,34.01625,1.28617363,437.50803859,2026-06-01,2026-06-01
Sattvik_15_May_Stress,2026-06-01,100,102,1.02,INR,11.9,"7-day click or 1-day view",1,11.9,5.95,1.96078431,116.66666667,2026-06-01,2026-06-01
"Sattvik_15_May_Weight Loss",2026-06-01,16,17,1.0625,INR,4.05,"7-day click or 1-day view",,,,,238.23529412,2026-06-01,2026-06-01
"Aspire_16thMay_NearHospital_MarathiStatic_Leads ad",2026-06-01,4792,6663,1.3904424,INR,977.7,"7-day click or 1-day view",2,488.85,26.42432432,0.55530542,146.73570464,2026-06-01,2026-06-01
"Sigmaflux_Manufacturer_22ndMay_NoTradingPortal_Leads ad",2026-06-01,151,201,1.33112583,INR,98.96,"7-day click or 1-day view",,,49.48,0.99502488,492.33830846,2026-06-01,2026-06-01
Sattvik_15_May_Panchakarma,2026-06-01,4200,4941,1.17642857,INR,595.36,"7-day click or 1-day view",20,29.768,10.09084746,1.19409027,120.49382716,2026-06-01,2026-06-01
"Sigmaflux_27thMay_Video_Manufacturer_Leads ad",2026-06-01,668,821,1.22904192,INR,435.57,"7-day click or 1-day view",,,39.59727273,1.33982948,530.53593179,2026-06-01,2026-06-01
Aspire_30May_New_NRI_Dinner,2026-06-01,658,810,1.23100304,INR,228.27,"7-day click or 1-day view",,,38.045,0.74074074,281.81481481,2026-06-01,2026-06-01
"30thMay_Manufacturer_LP_Leads ad",2026-06-01,697,802,1.15064562,INR,513.53,"7-day click, 1-day view, or 1-day engaged-view",,,34.23533333,1.87032419,640.3117207,2026-06-01,2026-06-01
"3. 26_May_Aspire_Lead_Escape",2026-06-01,492,580,1.17886179,INR,132.29,"7-day click or 1-day view",,,26.458,0.86206897,228.0862069,2026-06-01,2026-06-01
"2. 26_May_Aspire_Lead_Pure_Morning",2026-06-01,185,213,1.15135135,INR,128.09,"7-day click or 1-day view",,,42.69666667,1.4084507,601.36150235,2026-06-01,2026-06-01
"Aspire_30May_New_NRI _Meet",2026-06-01,292,360,1.23287671,INR,261.14,"7-day click or 1-day view",,,130.57,0.55555556,725.38888889,2026-06-01,2026-06-01
"Sattvik_5thMay_2026_Anxiety_Static_Leads ad",2026-06-01,3286,3942,1.19963481,INR,489.39,"7-day click or 1-day view",3,163.13,17.47821429,0.71029934,124.14764079,2026-06-01,2026-06-01
