"Ad name",Reach,Impressions,Frequency,Currency,"Amount spent (INR)","Attribution setting",Leads,"Cost per lead","CPC (cost per link click)","CTR (link click-through rate)","CPM (cost per 1,000 impressions)","Reporting starts","Reporting ends"
,18255,24719,1.35409477,INR,4809.03,,33,145.72818182,25.855,0.75245762,194.54791861,2026-06-02,2026-06-02
"Aspire_16thMay_NearHospital_MarathiStatic_Leads ad",4433,6126,1.38190841,INR,1237.63,"7-day click or 1-day view",2,618.815,35.36085714,0.57133529,202.02905648,2026-06-02,2026-06-02
Sattvik_15_May_Panchakarma,7931,9848,1.24170975,INR,1080.61,"7-day click or 1-day view",23,46.98304348,12.14168539,0.9037368,109.72887896,2026-06-02,2026-06-02
"Sigmaflux_Manufacturer_22ndMay_NoTradingPortal_Leads ad",1444,1957,1.35526316,INR,596.11,"7-day click or 1-day view",1,596.11,35.06529412,0.86867655,304.60398569,2026-06-02,2026-06-02
"Sattvik_5thMay_2026_Anxiety_Static_Leads ad",2409,2837,1.17766708,INR,458.2,"7-day click or 1-day view",4,114.55,25.45555556,0.63447303,161.50863588,2026-06-02,2026-06-02
Aspire_30May_New_NRI_Dinner,843,1141,1.35349941,INR,439.89,"7-day click or 1-day view",1,439.89,109.9725,0.35056968,385.53023663,2026-06-02,2026-06-02
"30thMay_Manufacturer_LP_Leads ad",617,759,1.23014587,INR,394.25,"7-day click, 1-day view, or 1-day engaged-view",,,43.80555556,1.18577075,519.43346509,2026-06-02,2026-06-02
"3. 26_May_Aspire_Lead_Escape",974,1233,1.26591376,INR,304.74,"7-day click or 1-day view",1,304.74,38.0925,0.64882401,247.15328467,2026-06-02,2026-06-02
26_May_Aspire_Lead_Escape,585,707,1.20854701,INR,283.48,"7-day click or 1-day view",1,283.48,47.24666667,0.84865629,400.96181047,2026-06-02,2026-06-02
"Sattvik_15_May_Deep Sleep",95,103,1.08421053,INR,13.31,"7-day click or 1-day view",,,,,129.22330097,2026-06-02,2026-06-02
"Aspire_30May_New_NRI _Meet",4,5,1.25,INR,0.59,"7-day click or 1-day view",,,,,118,2026-06-02,2026-06-02
"2. 26_May_Aspire_Lead_Pure_Morning",2,3,1.5,INR,0.22,"7-day click or 1-day view",,,,,73.33333333,2026-06-02,2026-06-02
